scenario,annotation,iteration,elapsed_ms,user_s,system_s,allocated_bytes,peak_rss_kib,artifact_files,artifact_bytes
clean,1,1,34.106,0.011642,0.017463,3137448,37104,44,43290
clean,0,1,34.983,0.009935,0.017883,2806184,36972,30,8324
clean,unset,1,36.488,0.024633,0.017736,2806248,37036,30,8324
clean,unset,2,31.474,0.007961,0.016917,2805968,37088,30,8324
clean,0,2,32.962,0.011614,0.014103,2806368,37200,30,8324
clean,1,2,32.455,0.009353,0.018706,3137664,37328,44,43290
clean,1,3,33.22,0.012151,0.016202,3137448,37420,44,43290
clean,0,3,33.266,0.011246,0.014619,2806368,37056,30,8324
clean,unset,3,31.601,0.00633,0.018992,2805952,37056,30,8324
clean,unset,4,31.626,0.011764,0.014379,2805952,37200,30,8324
clean,0,4,33.448,0.011057,0.014375,2806368,37072,30,8324
clean,1,4,31.796,0.007412,0.023297,3137648,37328,44,43290
clean,1,5,31.818,0.009002,0.018904,3137648,37528,44,43290
clean,0,5,31.824,0.007325,0.020146,2806368,37068,30,8324
clean,unset,5,32.345,0.005864,0.019939,2805952,36916,30,8324
noop,1,1,21.66,0.001797,0.014377,2705600,23768,44,43218
noop,0,1,22.336,0.004337,0.011928,2692464,23772,30,8296
noop,unset,1,21.033,0.004777,0.010509,2692216,23776,30,8296
noop,unset,2,20.956,0.004096,0.011265,2692216,23776,30,8296
noop,0,2,20.625,0.004144,0.010774,2692464,23768,30,8296
noop,1,2,20.16,0.003626,0.010878,2705600,23760,44,43218
noop,1,3,21.104,0.003821,0.011463,2705600,23772,44,43218
noop,0,3,23.12,0.003725,0.013661,2692464,23776,30,8296
noop,unset,3,21.152,0.00513,0.01026,2692216,23772,30,8296
noop,unset,4,21.705,0.002144,0.013941,2692216,23776,30,8296
noop,0,4,20.01,0.004541,0.009992,2692464,23776,30,8296
noop,1,4,22.586,0.004425,0.012391,2705616,23764,44,43218
noop,1,5,22.236,0.00368,0.01288,2705600,23772,44,43218
noop,0,5,25.219,0.002814,0.01501,2692464,23772,30,8296
noop,unset,5,21.455,0.002221,0.013328,2692216,23772,30,8296
edit,1,1,33.465,0.006806,0.013612,3078944,31948,44,43220
edit,0,1,32.605,0.006746,0.012368,2999544,32056,30,8296
edit,unset,1,34.402,0.008637,0.012476,2999264,32072,30,8296
edit,unset,2,31.198,0.006657,0.012364,2999264,32104,30,8296
edit,0,2,32.604,0.004429,0.015501,2999544,31928,30,8296
edit,1,2,31.566,0.007681,0.011522,3078944,32032,44,43220
edit,1,3,31.547,0.006646,0.013292,3078944,32048,44,43220
edit,0,3,31.85,0.005592,0.013582,2999544,32080,30,8296
edit,unset,3,35.568,0.004049,0.017211,2999264,32048,30,8296
edit,unset,4,32.595,0.003847,0.016351,2999264,32088,30,8296
edit,0,4,33.434,0.006985,0.012807,2999544,32036,30,8296
edit,1,4,31.768,0.008766,0.01127,3078944,32104,44,43220
edit,1,5,32.857,0.005836,0.015174,3078944,32156,44,43220
edit,0,5,32.219,0.004834,0.014504,2999544,32096,30,8296
edit,unset,5,31.86,0.010844,0.009639,2999264,32268,30,8296
shared-interface,1,1,32.453,0.007038,0.015082,3794672,29748,24,28416
shared-interface,0,1,31.28,0.007619,0.016192,3188680,29736,16,5618
shared-interface,unset,1,36.838,0.011144,0.014184,3188360,29788,16,5618
shared-interface,unset,2,31.358,0.008051,0.012076,3188464,29668,16,5618
shared-interface,0,2,38.763,0.016195,0.013337,3188776,29740,16,5618
shared-interface,1,2,33.268,0.014028,0.013093,3794472,29872,24,28416
shared-interface,1,3,42.559,0.015343,0.017389,3794568,29744,24,28416
shared-interface,0,3,32.059,0.00926,0.011906,3188680,29724,16,5618
shared-interface,unset,3,33.384,0.008728,0.015516,3188464,29864,16,5618
shared-interface,unset,4,37.886,0.013215,0.014096,3188360,29728,16,5618
shared-interface,0,4,34.136,0.005148,0.017504,3188680,29868,16,5618
shared-interface,1,4,33.619,0.006054,0.017154,3794672,29860,24,28416
shared-interface,1,5,40.11,0.018718,0.009909,3794568,29740,24,28416
shared-interface,0,5,37.733,0.013826,0.012839,3188976,29904,16,5618
shared-interface,unset,5,31.728,0.0115,0.0115,3188264,30056,16,5618
gentype,1,1,34.86,0.011792,0.019653,3272584,36824,46,48883
gentype,0,1,33.09,0.012756,0.017009,3206608,37192,43,41641
gentype,unset,1,37.882,0.01921,0.01582,3205896,37140,43,41641
gentype,unset,2,33.803,0.014449,0.016255,3205600,37060,43,41641
gentype,0,2,37.895,0.025305,0.016195,3206904,36616,43,41641
gentype,1,2,32.56,0.004479,0.025756,3272784,37024,46,48883
gentype,1,3,32.371,0.017122,0.013171,3272184,37244,46,48883
gentype,0,3,38.602,0.020292,0.016427,3206904,36968,43,41641
gentype,unset,3,37.762,0.019909,0.017813,3205496,36760,43,41641
gentype,unset,4,44.054,0.025459,0.019094,3206192,36772,43,41641
gentype,0,4,33.278,0.013164,0.019148,3206624,37300,43,41641
gentype,1,4,34.776,0.011529,0.020753,3271984,37136,46,48883
gentype,1,5,35.741,0.008306,0.025841,3272384,37228,46,48883
gentype,0,5,33.629,0.009584,0.021298,3206224,37324,43,41641
gentype,unset,5,40.321,0.031824,0.01768,3205496,36900,43,41641
ppx,1,1,93.261,0.02075,0.031066,3185232,37520,44,43690
ppx,0,1,91.163,0.017802,0.031764,2854400,37428,30,8268
ppx,unset,1,93.778,0.014562,0.031303,2853688,37396,30,8268
ppx,unset,2,90.244,0.018632,0.029344,2853592,37528,30,8268
ppx,0,2,95.974,0.01266,0.039326,2854200,37600,30,8268
ppx,1,2,97.089,0.026243,0.030208,3185128,37664,44,43690
ppx,1,3,92.477,0.028925,0.030183,3184944,37280,44,43690
ppx,0,3,83.792,0.014575,0.027841,2853600,37212,30,8268
ppx,unset,3,86.799,0.014531,0.027406,2853392,37424,30,8268
ppx,unset,4,90.983,0.021452,0.024188,2853904,37496,30,8268
ppx,0,4,86.878,0.022012,0.024394,2854000,37268,30,8268
ppx,1,4,90.097,0.010824,0.036063,3185248,37728,44,43690
ppx,1,5,90.24,0.014158,0.035781,3185032,37584,44,43690
ppx,0,5,86.76,0.015726,0.030762,2854000,37196,30,8268
ppx,unset,5,88.988,0.020625,0.025159,2853792,37520,30,8268
restart,1,1,31.12,0.007464,0.013062,3079528,32080,44,43436
restart,0,1,32.889,0.006888,0.014637,3000072,32144,30,8380
restart,unset,1,32.377,0.005491,0.014644,2999784,32028,30,8380
restart,unset,2,32.08,0.006846,0.012714,2999784,32076,30,8380
restart,0,2,31.853,0.005192,0.01428,3000072,31980,30,8380
restart,1,2,30.638,0.003597,0.015588,3079512,32084,44,43436
restart,1,3,31.302,0.004907,0.014723,3079528,32044,44,43436
restart,0,3,32.692,0.005142,0.015428,3000072,31916,30,8380
restart,unset,3,34.59,0.003468,0.017341,2999784,32104,30,8380
restart,unset,4,33.208,0.004462,0.016733,2999784,32064,30,8380
restart,0,4,33.457,0.006602,0.014148,3000072,31944,30,8380
restart,1,4,37.839,0.006277,0.017039,3079512,31920,44,43436
restart,1,5,31.937,0.007714,0.013225,3079512,32072,44,43436
restart,0,5,31.675,0.006863,0.012354,3000072,32088,30,8380
restart,unset,5,31.931,0.006007,0.013015,2999784,32076,30,8380
wide-clean,1,1,113.975,0.124301,0.117169,23273952,47368,2014,3147070
wide-clean,0,1,83.574,0.065487,0.089781,9423016,42492,1409,834022
wide-clean,unset,1,79.04,0.084681,0.068396,9415912,41872,1409,834022
wide-clean,unset,2,79.272,0.0749,0.082208,9415808,42344,1409,834022
wide-clean,0,2,75.093,0.079863,0.073474,9423552,42128,1409,834022
wide-clean,1,2,118.339,0.130602,0.120154,23269552,48408,2014,3147070
wide-clean,1,3,122.083,0.141807,0.112263,23270408,47348,2014,3147070
wide-clean,0,3,81.732,0.082582,0.074622,9423832,41888,1409,834022
wide-clean,unset,3,81.624,0.075343,0.079588,9418008,42156,1409,834022
wide-clean,unset,4,79.74,0.080023,0.078941,9417112,41448,1409,834022
wide-clean,0,4,75.556,0.081599,0.07127,9422536,42456,1409,834022
wide-clean,1,4,116.631,0.114696,0.136337,23273272,48564,2014,3147070
wide-clean,1,5,116.058,0.109468,0.131787,23275032,47064,2014,3147070
wide-clean,0,5,81.043,0.084509,0.070081,9423416,41928,1409,834022
wide-clean,unset,5,78.285,0.079261,0.074858,9417728,41964,1409,834022
wide-noop,1,1,26.488,0.007471,0.013875,8769440,24544,2014,3143844
wide-noop,0,1,26.458,0.004917,0.015736,8204848,24392,1409,832812
wide-noop,unset,1,25.986,0.008026,0.012039,8204600,24416,1409,832812
wide-noop,unset,2,27.44,0.00595,0.015471,8204600,24412,1409,832812
wide-noop,0,2,27.069,0.008138,0.012788,8204848,24416,1409,832812
wide-noop,1,2,27.594,0.010939,0.010939,8769440,24524,2014,3143844
wide-noop,1,3,27.767,0.007237,0.014474,8769440,24540,2014,3143844
wide-noop,0,3,26.679,0.004983,0.01578,8204864,24392,1409,832812
wide-noop,unset,3,26.941,0.006313,0.014731,8204600,24400,1409,832812
wide-noop,unset,4,26.553,0.00656,0.014058,8204616,24412,1409,832812
wide-noop,0,4,27.238,0.008716,0.01259,8204848,24416,1409,832812
wide-noop,1,4,27.373,0.007485,0.014034,8769440,24540,2014,3143844
wide-noop,1,5,27.394,0.008333,0.012963,8769440,24544,2014,3143844
wide-noop,0,5,27.042,0.007045,0.014091,8204848,24416,1409,832812
wide-noop,unset,5,27.427,0.007168,0.014336,8204600,24416,1409,832812
wide-edit,1,1,39.37,0.011188,0.015256,8856320,28756,2014,3143910
wide-edit,0,1,38.427,0.014142,0.010371,8225544,28532,1409,832812
wide-edit,unset,1,37.583,0.009418,0.015304,8225280,28544,1409,832812
wide-edit,unset,2,37.904,0.006689,0.017839,8225264,28660,1409,832812
wide-edit,0,2,37.095,0.012052,0.012979,8225544,28604,1409,832812
wide-edit,1,2,38.056,0.013475,0.012513,8856320,28944,2014,3143910
wide-edit,1,3,38.865,0.011135,0.015184,8856320,28940,2014,3143910
wide-edit,0,3,42.506,0.013352,0.013352,8225560,28716,1409,832812
wide-edit,unset,3,38.873,0.010211,0.015316,8225264,28680,1409,832812
wide-edit,unset,4,39.596,0.010255,0.015383,8225264,28576,1409,832812
wide-edit,0,4,37.591,0.010132,0.014635,8225544,28576,1409,832812
wide-edit,1,4,39.696,0.012083,0.015104,8856320,28872,2014,3143910
wide-edit,1,5,39.047,0.014502,0.01243,8856320,28764,2014,3143910
wide-edit,0,5,37.77,0.008404,0.016809,8225544,28592,1409,832812
wide-edit,unset,5,37.416,0.010083,0.014564,8225264,28712,1409,832812
wide-shared-interface,1,1,116.988,0.140709,0.111086,12416152,46012,2014,3214332
wide-shared-interface,0,1,88.825,0.070872,0.069859,11225528,40984,1409,847909
wide-shared-interface,unset,1,89.8,0.078723,0.078723,11222912,40548,1409,847909
wide-shared-interface,unset,2,88.604,0.100669,0.065015,11219312,41072,1409,847909
wide-shared-interface,0,2,82.96,0.076946,0.072949,11222336,40412,1409,847909
wide-shared-interface,1,2,114.138,0.13925,0.108978,12413488,46244,2014,3214332
wide-shared-interface,1,3,117.82,0.148227,0.10427,12416192,45984,2014,3214332
wide-shared-interface,0,3,86.254,0.086004,0.074178,11224032,41136,1409,847909
wide-shared-interface,unset,3,88.997,0.087959,0.071594,11221728,40952,1409,847909
wide-shared-interface,unset,4,82.99,0.067657,0.083711,11223816,40384,1409,847909
wide-shared-interface,0,4,85.424,0.082852,0.066281,11222832,40656,1409,847909
wide-shared-interface,1,4,121.388,0.126577,0.128602,12414128,46700,2014,3214332
wide-shared-interface,1,5,124.851,0.168806,0.098551,12412488,46172,2014,3214332
wide-shared-interface,0,5,82.532,0.083297,0.063996,11223232,43128,1409,847909
wide-shared-interface,unset,5,85.815,0.103838,0.055912,11221016,40788,1409,847909
