revision,elapsed_ms,user_s,system_s,allocated_bytes,peak_rss_kib,artifact_files,artifact_bytes,scenario,annotation,iteration
old,19.905,0.010821,0.005902,3231728,26348,43,42481,gentype,unset,1
new,24.493,0.010426,0.006255,3232160,28708,43,42481,gentype,unset,1
new,19.577,0.009504,0.006652,3232080,28876,43,42481,gentype,unset,2
old,19.682,0.007483,0.007483,3231728,28120,43,42481,gentype,unset,2
old,18.878,0.008594,0.006684,3231728,27676,43,42481,gentype,unset,3
new,19.884,0.009121,0.006081,3232064,28820,43,42481,gentype,unset,3
new,19.143,0.006879,0.008026,3232064,28816,43,42481,gentype,unset,4
old,19.006,0.008935,0.006949,3231728,27080,43,42481,gentype,unset,4
old,19.07,0.007933,0.0068,3231728,26936,43,42481,gentype,unset,5
new,19.415,0.009705,0.004852,3232064,29164,43,42481,gentype,unset,5
old,19.124,0.013348,0.002053,3232488,27132,43,42481,gentype,0,1
new,18.898,0.006083,0.009125,3232824,28616,43,42481,gentype,0,1
new,19.259,0.008103,0.006077,3232840,29168,43,42481,gentype,0,2
old,19.232,0.007092,0.008274,3232504,26252,43,42481,gentype,0,2
old,19.155,0.007151,0.007151,3232488,27316,43,42481,gentype,0,3
new,19.343,0.007799,0.007799,3232824,27992,43,42481,gentype,0,3
new,20.417,0.007846,0.008967,3232824,27480,43,42481,gentype,0,4
old,25.015,0.008603,0.007647,3232584,26168,43,42481,gentype,0,4
old,21.401,0.002645,0.013225,3232488,26040,43,42481,gentype,0,5
new,18.975,0.011978,0.002994,3232824,27608,43,42481,gentype,0,5
old,20.365,0.008321,0.008321,3298688,25544,46,49823,gentype,1,1
new,24.648,0.005849,0.010724,3299104,27272,46,49823,gentype,1,1
new,19.858,0.007878,0.007878,3299008,27224,46,49823,gentype,1,2
old,19.817,0.008492,0.00743,3298672,25428,46,49823,gentype,1,2
old,18.986,0.006159,0.009239,3298672,25424,46,49823,gentype,1,3
new,18.899,0.009462,0.006021,3299008,29164,46,49823,gentype,1,3
new,19.34,0.01043,0.005215,3299008,26932,46,49823,gentype,1,4
old,20.975,0.007092,0.009119,3298688,25400,46,49823,gentype,1,4
old,24.786,0.008973,0.006979,3298768,25400,46,49823,gentype,1,5
new,23.845,0.011817,0.003545,3299104,27148,46,49823,gentype,1,5
