revision,elapsed_ms,user_s,system_s,allocated_bytes,peak_rss_kib,artifact_files,artifact_bytes,scenario,annotation,iteration,summary_files,summary_bytes
old,33.299,0.011633,0.009694,3911800,28444,33,32769,clean,unset,1,6,22014
new,37.416,0.009429,0.012572,3177184,29856,24,7753,clean,unset,1,6,22914
new,29.422,0.012987,0.005903,3176888,28876,24,7753,clean,unset,2,6,22914
old,32.865,0.013331,0.00857,3911784,26424,33,32769,clean,unset,2,6,22014
old,30.36,0.010143,0.010143,3911784,26460,33,32769,clean,unset,3,6,22014
new,30.457,0.011593,0.007729,3176888,27952,24,7753,clean,unset,3,6,22914
new,30.932,0.010954,0.008216,3176888,27888,24,7753,clean,unset,4,6,22914
old,29.462,0.012864,0.007351,3911784,26424,33,32769,clean,unset,4,6,22014
old,31.184,0.012897,0.006448,3911784,26408,33,32769,clean,unset,5,6,22014
new,35.005,0.016339,0.004299,3177184,28048,24,7753,clean,unset,5,6,22914
old,7.482,0.004595,0.002757,2678088,22888,33,32769,unchanged,unset,1,6,22014
new,8.514,0.005592,0.002796,2669632,24588,24,7753,unchanged,unset,1,6,22914
new,8.241,0.006063,0.002021,2669616,24872,24,7753,unchanged,unset,2,6,22914
old,7.747,0.004341,0.003255,2678088,22888,33,32769,unchanged,unset,2,6,22014
old,7.823,0.005766,0.001922,2678088,22888,33,32769,unchanged,unset,3,6,22014
new,8.417,0.005158,0.003095,2669616,24988,24,7753,unchanged,unset,3,6,22914
new,7.586,0.004256,0.003192,2669616,24688,24,7753,unchanged,unset,4,6,22914
old,8.075,0.003948,0.003948,2678088,22872,33,32769,unchanged,unset,4,6,22014
old,8.079,0.004939,0.002963,2678088,22888,33,32769,unchanged,unset,5,6,22014
new,7.578,0.00464,0.002784,2669616,24980,24,7753,unchanged,unset,5,6,22914
old,23.848,0.008922,0.004956,2765392,25576,33,32769,restart-edit,unset,1,6,22014
new,24.365,0.006062,0.008083,2690728,27020,24,7753,restart-edit,unset,1,6,22914
new,24.054,0.005215,0.008344,2690728,27040,24,7753,restart-edit,unset,2,6,22914
old,23.812,0.011609,0.002321,2765392,25448,33,32769,restart-edit,unset,2,6,22014
old,23.804,0.010257,0.003729,2765392,25448,33,32769,restart-edit,unset,3,6,22014
new,24.906,0.009815,0.004362,2690728,27232,24,7753,restart-edit,unset,3,6,22914
new,23.898,0.0051,0.0102,2690728,27180,24,7753,restart-edit,unset,4,6,22914
old,24.826,0.009342,0.004671,2765392,25576,33,32769,restart-edit,unset,4,6,22014
old,24.233,0.006355,0.008473,2765392,25448,33,32769,restart-edit,unset,5,6,22014
new,24.593,0.008945,0.004879,2690728,27032,24,7753,restart-edit,unset,5,6,22914
old,36.34,0.011304,0.010277,3912448,26424,33,32769,clean,0,1,6,22014
new,29.046,0.011254,0.007162,3177520,27692,24,7753,clean,0,1,6,22914
new,29.177,0.012646,0.005836,3177520,27824,24,7753,clean,0,2,6,22914
old,30.089,0.009981,0.008983,3912352,26424,33,32769,clean,0,2,6,22014
old,29.98,0.009525,0.010716,3912352,26544,33,32769,clean,0,3,6,22014
new,31.19,0.010115,0.010115,3177520,28144,24,7753,clean,0,3,6,22914
new,30.446,0.007748,0.011623,3177536,27904,24,7753,clean,0,4,6,22914
old,29.184,0.011642,0.006985,3912352,26552,33,32769,clean,0,4,6,22014
old,28.52,0.011423,0.007269,3912352,26552,33,32769,clean,0,5,6,22014
new,29.402,0.010084,0.007843,3177536,27936,24,7753,clean,0,5,6,22914
old,7.773,0.003257,0.004343,2678456,22888,33,32769,unchanged,0,1,6,22014
new,8.277,0.003047,0.005078,2669968,24732,24,7753,unchanged,0,1,6,22914
new,7.263,0.004069,0.003052,2669968,24980,24,7753,unchanged,0,2,6,22914
old,7.765,0.003812,0.003812,2678440,22888,33,32769,unchanged,0,2,6,22014
old,7.974,0.00392,0.00392,2678440,22888,33,32769,unchanged,0,3,6,22014
new,7.874,0.002181,0.005453,2669968,24788,24,7753,unchanged,0,3,6,22914
new,8.224,0.004031,0.004031,2669968,24732,24,7753,unchanged,0,4,6,22914
old,7.594,0.003726,0.003726,2678440,22888,33,32769,unchanged,0,4,6,22014
old,7.412,0.003623,0.003623,2678440,22884,33,32769,unchanged,0,5,6,22014
new,7.367,0.003619,0.003619,2669968,24908,24,7753,unchanged,0,5,6,22914
old,23.79,0.009431,0.004715,2765776,25432,33,32769,restart-edit,0,1,6,22014
new,24.531,0.006474,0.007399,2691112,27104,24,7753,restart-edit,0,1,6,22914
new,25.181,0.007819,0.005585,2691112,27092,24,7753,restart-edit,0,2,6,22914
old,23.759,0.00744,0.008267,2765776,25576,33,32769,restart-edit,0,2,6,22014
old,24.314,0.006582,0.007679,2765776,25576,33,32769,restart-edit,0,3,6,22014
new,25.406,0.004674,0.009348,2691112,26864,24,7753,restart-edit,0,3,6,22914
new,23.728,0.009529,0.004235,2691112,27184,24,7753,restart-edit,0,4,6,22914
old,24.628,0.009052,0.005029,2765776,25440,33,32769,restart-edit,0,4,6,22014
old,23.913,0.008956,0.005374,2765776,25448,33,32769,restart-edit,0,5,6,22014
new,24.381,0.009379,0.00521,2691128,27004,24,7753,restart-edit,0,5,6,22914
old,31.026,0.010603,0.008482,3912344,26424,33,32769,clean,1,1,6,22014
new,34.655,0.008837,0.011047,3913072,27952,33,32769,clean,1,1,6,22914
new,34.271,0.012157,0.008683,3913072,27952,33,32769,clean,1,2,6,22914
old,31.2,0.010877,0.009323,3912344,26552,33,32769,clean,1,2,6,22014
old,29.296,0.010625,0.007438,3912344,26424,33,32769,clean,1,3,6,22014
new,28.366,0.011198,0.007126,3912776,27952,33,32769,clean,1,3,6,22914
new,30.196,0.008226,0.010282,3912776,27504,33,32769,clean,1,4,6,22914
old,29.959,0.011462,0.008336,3912344,26424,33,32769,clean,1,4,6,22014
old,30.474,0.009227,0.01038,3912360,26424,33,32769,clean,1,5,6,22014
new,28.998,0.011999,0.006545,3912776,27796,33,32769,clean,1,5,6,22914
old,7.813,0.004353,0.003265,2678440,22888,33,32769,unchanged,1,1,6,22014
new,7.967,0.001925,0.005775,2678456,24976,33,32769,unchanged,1,1,6,22914
new,7.99,0.003916,0.003916,2678440,24664,33,32769,unchanged,1,2,6,22914
old,7.554,0.003706,0.003706,2678440,22872,33,32769,unchanged,1,2,6,22014
old,7.546,0.003702,0.003702,2678440,22888,33,32769,unchanged,1,3,6,22014
new,7.278,0.004079,0.003059,2678440,24980,33,32769,unchanged,1,3,6,22914
new,7.413,0.003639,0.003639,2678440,24988,33,32769,unchanged,1,4,6,22914
old,7.856,0.002888,0.004813,2678440,22888,33,32769,unchanged,1,4,6,22014
old,7.597,0.003714,0.003714,2678440,22888,33,32769,unchanged,1,5,6,22014
new,7.767,0.003251,0.004335,2678440,24936,33,32769,unchanged,1,5,6,22914
old,25.155,0.009779,0.004889,2765776,25320,33,32769,restart-edit,1,1,6,22014
new,25.035,0.008314,0.006235,2765776,27056,33,32769,restart-edit,1,1,6,22914
new,24.183,0.009373,0.006248,2765776,26864,33,32769,restart-edit,1,2,6,22914
old,23.385,0.009127,0.005215,2765776,25572,33,32769,restart-edit,1,2,6,22014
old,23.604,0.008422,0.006316,2765776,25580,33,32769,restart-edit,1,3,6,22014
new,24.481,0.008659,0.006061,2765776,26944,33,32769,restart-edit,1,3,6,22914
new,23.941,0.00768,0.006827,2765776,26780,33,32769,restart-edit,1,4,6,22914
old,24.56,0.009517,0.00571,2765776,25320,33,32769,restart-edit,1,4,6,22014
old,24.349,0.008745,0.005247,2765776,25440,33,32769,restart-edit,1,5,6,22014
new,24.019,0.00543,0.008688,2765792,26828,33,32769,restart-edit,1,5,6,22914
